選舉類型,候選人數量
[縣(市)長]連江縣,4
[縣(市)議員]連江縣第1選舉區,7
[縣(市)議員]連江縣第2選舉區,3
[縣(市)議員]連江縣第3選舉區,2
[縣(市)議員]連江縣第4選舉區,1
[鄉鎮市長]連江縣南竿鄉,13
[鄉鎮市長]連江縣北竿鄉,8
[鄉鎮市長]連江縣莒光鄉,8
[鄉鎮市長]連江縣東引鄉,6
[縣(市)長]金門縣,6
[縣(市)議員]金門縣第1選舉區,20
[縣(市)議員]金門縣第2選舉區,13
[縣(市)議員]金門縣第3選舉區,2
[鄉鎮市長]金門縣金城鎮,19
[鄉鎮市長]金門縣金沙鎮,20
[鄉鎮市長]金門縣金湖鎮,13
[鄉鎮市長]金門縣金寧鄉,16
[鄉鎮市長]金門縣烈嶼鄉,13
[鄉鎮市長]金門縣烏坵鄉,4
[縣(市)長]宜蘭縣,5
[縣(市)議員]宜蘭縣第1選舉區,18
[縣(市)議員]宜蘭縣第2選舉區,5
[縣(市)議員]宜蘭縣第3選舉區,4
[縣(市)議員]宜蘭縣第4選舉區,2
[縣(市)議員]宜蘭縣第5選舉區,3
[縣(市)議員]宜蘭縣第6選舉區,11
[縣(市)議員]宜蘭縣第7選舉區,7
[縣(市)議員]宜蘭縣第8選舉區,8
[縣(市)議員]宜蘭縣第9選舉區,2
[縣(市)議員]宜蘭縣第10選舉區,5
[縣(市)議員]宜蘭縣第12選舉區,2
[縣(市)議員]宜蘭縣第13選舉區,4
[縣(市)議員]宜蘭縣第11選舉區,2
[鄉鎮市長]宜蘭縣宜蘭市,2
[鄉鎮市長]宜蘭縣羅東鎮,3
[鄉鎮市長]宜蘭縣蘇澳鎮,2
[鄉鎮市長]宜蘭縣頭城鎮,2
[鄉鎮市長]宜蘭縣礁溪鄉,4
[鄉鎮市長]宜蘭縣壯圍鄉,3
[鄉鎮市長]宜蘭縣員山鄉,2
[鄉鎮市長]宜蘭縣冬山鄉,2
[鄉鎮市長]宜蘭縣五結鄉,4
[鄉鎮市長]宜蘭縣三星鄉,3
[鄉鎮市長]宜蘭縣大同鄉,1
[鄉鎮市長]宜蘭縣南澳鄉,4
[鄉鎮市民代表]宜蘭縣宜蘭市第1選舉區,8
[鄉鎮市民代表]宜蘭縣宜蘭市第2選舉區,9
[鄉鎮市民代表]宜蘭縣宜蘭市第3選舉區,13
[鄉鎮市民代表]宜蘭縣宜蘭市第4選舉區,8
[鄉鎮市民代表]宜蘭縣羅東鎮第1選舉區,3
[鄉鎮市民代表]宜蘭縣羅東鎮第2選舉區,2
[鄉鎮市民代表]宜蘭縣羅東鎮第3選舉區,11
[鄉鎮市民代表]宜蘭縣羅東鎮第4選舉區,8
[鄉鎮市民代表]宜蘭縣蘇澳鎮第1選舉區,2
[鄉鎮市民代表]宜蘭縣蘇澳鎮第2選舉區,3
[鄉鎮市民代表]宜蘭縣蘇澳鎮第3選舉區,5
[鄉鎮市民代表]宜蘭縣蘇澳鎮第4選舉區,6
[鄉鎮市民代表]宜蘭縣頭城鎮第1選舉區,5
[鄉鎮市民代表]宜蘭縣頭城鎮第2選舉區,4
[鄉鎮市民代表]宜蘭縣頭城鎮第3選舉區,2
[鄉鎮市民代表]宜蘭縣頭城鎮第4選舉區,4
[鄉鎮市民代表]宜蘭縣礁溪鄉第1選舉區,6
[鄉鎮市民代表]宜蘭縣礁溪鄉第2選舉區,5
[鄉鎮市民代表]宜蘭縣礁溪鄉第3選舉區,2
[鄉鎮市民代表]宜蘭縣礁溪鄉第4選舉區,6
[鄉鎮市民代表]宜蘭縣壯圍鄉第1選舉區,5
[鄉鎮市民代表]宜蘭縣壯圍鄉第2選舉區,3
[鄉鎮市民代表]宜蘭縣壯圍鄉第3選舉區,3
[鄉鎮市民代表]宜蘭縣壯圍鄉第4選舉區,4
[鄉鎮市民代表]宜蘭縣員山鄉第1選舉區,6
[鄉鎮市民代表]宜蘭縣員山鄉第2選舉區,3
[鄉鎮市民代表]宜蘭縣員山鄉第3選舉區,6
[鄉鎮市民代表]宜蘭縣員山鄉第4選舉區,5
[鄉鎮市民代表]宜蘭縣冬山鄉第1選舉區,4
[鄉鎮市民代表]宜蘭縣冬山鄉第2選舉區,5
[鄉鎮市民代表]宜蘭縣冬山鄉第3選舉區,3
[鄉鎮市民代表]宜蘭縣冬山鄉第4選舉區,4
[鄉鎮市民代表]宜蘭縣五結鄉第1選舉區,4
[鄉鎮市民代表]宜蘭縣五結鄉第2選舉區,3
[鄉鎮市民代表]宜蘭縣五結鄉第3選舉區,5
[鄉鎮市民代表]宜蘭縣五結鄉第4選舉區,3
[鄉鎮市民代表]宜蘭縣五結鄉第5選舉區,4
[鄉鎮市民代表]宜蘭縣三星鄉第1選舉區,5
[鄉鎮市民代表]宜蘭縣三星鄉第2選舉區,3
[鄉鎮市民代表]宜蘭縣三星鄉第3選舉區,8
[鄉鎮市民代表]宜蘭縣三星鄉第4選舉區,5
[鄉鎮市民代表]宜蘭縣大同鄉第1選舉區,2
[鄉鎮市民代表]宜蘭縣大同鄉第2選舉區,3
[鄉鎮市民代表]宜蘭縣大同鄉第3選舉區,2
[鄉鎮市民代表]宜蘭縣大同鄉第4選舉區,6
[鄉鎮市民代表]宜蘭縣南澳鄉第1選舉區,5
[鄉鎮市民代表]宜蘭縣南澳鄉第2選舉區,4
[鄉鎮市民代表]宜蘭縣南澳鄉第3選舉區,4
[鄉鎮市民代表]宜蘭縣南澳鄉第4選舉區,2
[縣(市)長]新竹縣,4
[縣(市)議員]新竹縣第1選舉區,25
[縣(市)議員]新竹縣第2選舉區,10
[縣(市)議員]新竹縣第3選舉區,4
[縣(市)議員]新竹縣第4選舉區,3
[縣(市)議員]新竹縣第5選舉區,8
[縣(市)議員]新竹縣第6選舉區,2
[縣(市)議員]新竹縣第7選舉區,2
[縣(市)議員]新竹縣第8選舉區,13
[縣(市)議員]新竹縣第9選舉區,4
[縣(市)議員]新竹縣第10選舉區,2
[縣(市)議員]新竹縣第12選舉區,2
[縣(市)議員]新竹縣第13選舉區,4
[縣(市)議員]新竹縣第11選舉區,2
[鄉鎮市長]新竹縣竹北市,3
[鄉鎮市長]新竹縣竹東鎮,2
[鄉鎮市長]新竹縣新埔鎮,1
[鄉鎮市長]新竹縣關西鎮,3
[鄉鎮市長]新竹縣湖口鄉,2
[鄉鎮市長]新竹縣新豐鄉,7
[鄉鎮市長]新竹縣芎林鄉,2
[鄉鎮市長]新竹縣橫山鄉,2
[鄉鎮市長]新竹縣北埔鄉,5
[鄉鎮市長]新竹縣寶山鄉,2
[鄉鎮市長]新竹縣峨眉鄉,2
[鄉鎮市長]新竹縣尖石鄉,2
[鄉鎮市長]新竹縣五峰鄉,4
[鄉鎮市民代表]新竹縣竹北市第1選舉區,17
[鄉鎮市民代表]新竹縣竹北市第2選舉區,13
[鄉鎮市民代表]新竹縣竹北市第3選舉區,3
[鄉鎮市民代表]新竹縣竹北市第4選舉區,5
[鄉鎮市民代表]新竹縣竹東鎮第1選舉區,5
[鄉鎮市民代表]新竹縣竹東鎮第2選舉區,6
[鄉鎮市民代表]新竹縣竹東鎮第3選舉區,8
[鄉鎮市民代表]新竹縣竹東鎮第4選舉區,6
[鄉鎮市民代表]新竹縣新埔鎮第1選舉區,10
[鄉鎮市民代表]新竹縣新埔鎮第2選舉區,2
[鄉鎮市民代表]新竹縣新埔鎮第3選舉區,4
[鄉鎮市民代表]新竹縣新埔鎮第4選舉區,4
[鄉鎮市民代表]新竹縣關西鎮第1選舉區,5
[鄉鎮市民代表]新竹縣關西鎮第2選舉區,6
[鄉鎮市民代表]新竹縣關西鎮第3選舉區,2
[鄉鎮市民代表]新竹縣關西鎮第4選舉區,6
[鄉鎮市民代表]新竹縣湖口鄉第1選舉區,8
[鄉鎮市民代表]新竹縣湖口鄉第2選舉區,8
[鄉鎮市民代表]新竹縣湖口鄉第3選舉區,5
[鄉鎮市民代表]新竹縣湖口鄉第4選舉區,2
[鄉鎮市民代表]新竹縣新豐鄉第1選舉區,4
[鄉鎮市民代表]新竹縣新豐鄉第2選舉區,3
[鄉鎮市民代表]新竹縣新豐鄉第3選舉區,4
[鄉鎮市民代表]新竹縣新豐鄉第4選舉區,8
[鄉鎮市民代表]新竹縣芎林鄉第1選舉區,2
[鄉鎮市民代表]新竹縣芎林鄉第2選舉區,3
[鄉鎮市民代表]新竹縣芎林鄉第3選舉區,4
[鄉鎮市民代表]新竹縣芎林鄉第4選舉區,10
[鄉鎮市民代表]新竹縣橫山鄉第1選舉區,8
[鄉鎮市民代表]新竹縣橫山鄉第2選舉區,7
[鄉鎮市民代表]新竹縣橫山鄉第3選舉區,3
[鄉鎮市民代表]新竹縣橫山鄉第4選舉區,2
[鄉鎮市民代表]新竹縣北埔鄉第1選舉區,4
[鄉鎮市民代表]新竹縣北埔鄉第2選舉區,9
[鄉鎮市民代表]新竹縣北埔鄉第3選舉區,2
[鄉鎮市民代表]新竹縣寶山鄉第1選舉區,9
[鄉鎮市民代表]新竹縣寶山鄉第2選舉區,4
[鄉鎮市民代表]新竹縣寶山鄉第3選舉區,2
[鄉鎮市民代表]新竹縣寶山鄉第4選舉區,3
[鄉鎮市民代表]新竹縣峨眉鄉第1選舉區,6
[鄉鎮市民代表]新竹縣峨眉鄉第2選舉區,7
[鄉鎮市民代表]新竹縣尖石鄉第1選舉區,4
[鄉鎮市民代表]新竹縣尖石鄉第2選舉區,5
[鄉鎮市民代表]新竹縣尖石鄉第3選舉區,9
[鄉鎮市民代表]新竹縣五峰鄉第1選舉區,7
[鄉鎮市民代表]新竹縣五峰鄉第2選舉區,4
[鄉鎮市民代表]新竹縣五峰鄉第3選舉區,5
[縣(市)長]苗栗縣,4
[縣(市)議員]苗栗縣第1選舉區,15
[縣(市)議員]苗栗縣第2選舉區,4
[縣(市)議員]苗栗縣第3選舉區,10
[縣(市)議員]苗栗縣第4選舉區,16
[縣(市)議員]苗栗縣第5選舉區,17
[縣(市)議員]苗栗縣第6選舉區,3
[縣(市)議員]苗栗縣第8選舉區,2
[縣(市)議員]苗栗縣第7選舉區,4
[鄉鎮市長]苗栗縣苗栗市,3
[鄉鎮市長]苗栗縣苑裡鎮,3
[鄉鎮市長]苗栗縣通霄鎮,5
[鄉鎮市長]苗栗縣竹南鎮,5
[鄉鎮市長]苗栗縣頭份市,3
[鄉鎮市長]苗栗縣後龍鎮,2
[鄉鎮市長]苗栗縣卓蘭鎮,2
[鄉鎮市長]苗栗縣大湖鄉,2
[鄉鎮市長]苗栗縣公館鄉,1
[鄉鎮市長]苗栗縣銅鑼鄉,2
[鄉鎮市長]苗栗縣南庄鄉,2
[鄉鎮市長]苗栗縣頭屋鄉,3
[鄉鎮市長]苗栗縣三義鄉,3
[鄉鎮市長]苗栗縣西湖鄉,1
[鄉鎮市長]苗栗縣造橋鄉,1
[鄉鎮市長]苗栗縣三灣鄉,1
[鄉鎮市長]苗栗縣獅潭鄉,2
[鄉鎮市長]苗栗縣泰安鄉,3
[鄉鎮市民代表]苗栗縣苗栗市第1選舉區,5
[鄉鎮市民代表]苗栗縣苗栗市第2選舉區,5
[鄉鎮市民代表]苗栗縣苗栗市第3選舉區,7
[鄉鎮市民代表]苗栗縣苗栗市第4選舉區,8
[鄉鎮市民代表]苗栗縣苑裡鎮第1選舉區,10
[鄉鎮市民代表]苗栗縣苑裡鎮第2選舉區,3
[鄉鎮市民代表]苗栗縣苑裡鎮第3選舉區,4
[鄉鎮市民代表]苗栗縣通霄鎮第1選舉區,11
[鄉鎮市民代表]苗栗縣通霄鎮第2選舉區,5
[鄉鎮市民代表]苗栗縣通霄鎮第3選舉區,6
[鄉鎮市民代表]苗栗縣通霄鎮第4選舉區,5
[鄉鎮市民代表]苗栗縣竹南鎮第1選舉區,6
[鄉鎮市民代表]苗栗縣竹南鎮第2選舉區,6
[鄉鎮市民代表]苗栗縣竹南鎮第3選舉區,4
[鄉鎮市民代表]苗栗縣竹南鎮第4選舉區,4
[鄉鎮市民代表]苗栗縣頭份市第1選舉區,4
[鄉鎮市民代表]苗栗縣頭份市第2選舉區,4
[鄉鎮市民代表]苗栗縣頭份市第3選舉區,8
[鄉鎮市民代表]苗栗縣頭份市第4選舉區,4
[鄉鎮市民代表]苗栗縣頭份市第5選舉區,2
[鄉鎮市民代表]苗栗縣後龍鎮第1選舉區,6
[鄉鎮市民代表]苗栗縣後龍鎮第2選舉區,3
[鄉鎮市民代表]苗栗縣後龍鎮第3選舉區,7
[鄉鎮市民代表]苗栗縣後龍鎮第4選舉區,2
[鄉鎮市民代表]苗栗縣卓蘭鎮第1選舉區,6
[鄉鎮市民代表]苗栗縣卓蘭鎮第2選舉區,3
[鄉鎮市民代表]苗栗縣卓蘭鎮第3選舉區,6
[鄉鎮市民代表]苗栗縣卓蘭鎮第4選舉區,3
[鄉鎮市民代表]苗栗縣大湖鄉第1選舉區,3
[鄉鎮市民代表]苗栗縣大湖鄉第2選舉區,4
[鄉鎮市民代表]苗栗縣大湖鄉第3選舉區,3
[鄉鎮市民代表]苗栗縣大湖鄉第4選舉區,4
[鄉鎮市民代表]苗栗縣公館鄉第1選舉區,7
[鄉鎮市民代表]苗栗縣公館鄉第2選舉區,4
[鄉鎮市民代表]苗栗縣公館鄉第3選舉區,7
[鄉鎮市民代表]苗栗縣銅鑼鄉第1選舉區,6
[鄉鎮市民代表]苗栗縣銅鑼鄉第2選舉區,4
[鄉鎮市民代表]苗栗縣銅鑼鄉第3選舉區,4
[鄉鎮市民代表]苗栗縣銅鑼鄉第4選舉區,5
[鄉鎮市民代表]苗栗縣銅鑼鄉第5選舉區,2
[鄉鎮市民代表]苗栗縣南庄鄉第1選舉區,8
[鄉鎮市民代表]苗栗縣南庄鄉第2選舉區,2
[鄉鎮市民代表]苗栗縣南庄鄉第3選舉區,6
[鄉鎮市民代表]苗栗縣頭屋鄉第1選舉區,9
[鄉鎮市民代表]苗栗縣頭屋鄉第2選舉區,2
[鄉鎮市民代表]苗栗縣頭屋鄉第3選舉區,5
[鄉鎮市民代表]苗栗縣頭屋鄉第4選舉區,2
[鄉鎮市民代表]苗栗縣頭屋鄉第5選舉區,2
[鄉鎮市民代表]苗栗縣三義鄉第1選舉區,4
[鄉鎮市民代表]苗栗縣三義鄉第2選舉區,4
[鄉鎮市民代表]苗栗縣三義鄉第3選舉區,4
[鄉鎮市民代表]苗栗縣三義鄉第4選舉區,3
[鄉鎮市民代表]苗栗縣西湖鄉第1選舉區,6
[鄉鎮市民代表]苗栗縣西湖鄉第2選舉區,7
[鄉鎮市民代表]苗栗縣造橋鄉第1選舉區,3
[鄉鎮市民代表]苗栗縣造橋鄉第2選舉區,1
[鄉鎮市民代表]苗栗縣造橋鄉第3選舉區,5
[鄉鎮市民代表]苗栗縣造橋鄉第4選舉區,5
[鄉鎮市民代表]苗栗縣三灣鄉第1選舉區,6
[鄉鎮市民代表]苗栗縣三灣鄉第2選舉區,1
[鄉鎮市民代表]苗栗縣三灣鄉第3選舉區,2
[鄉鎮市民代表]苗栗縣獅潭鄉第1選舉區,3
[鄉鎮市民代表]苗栗縣獅潭鄉第2選舉區,3
[鄉鎮市民代表]苗栗縣獅潭鄉第3選舉區,4
[鄉鎮市民代表]苗栗縣泰安鄉第1選舉區,5
[鄉鎮市民代表]苗栗縣泰安鄉第2選舉區,6
[鄉鎮市民代表]苗栗縣泰安鄉第3選舉區,4
[鄉鎮市民代表]苗栗縣南庄鄉第4選舉區,6
[縣(市)長]彰化縣,5
[縣(市)議員]彰化縣第1選舉區,22
[縣(市)議員]彰化縣第2選舉區,10
[縣(市)議員]彰化縣第3選舉區,8
[縣(市)議員]彰化縣第4選舉區,13
[縣(市)議員]彰化縣第5選舉區,8
[縣(市)議員]彰化縣第6選舉區,7
[縣(市)議員]彰化縣第7選舉區,7
[縣(市)議員]彰化縣第8選舉區,9
[縣(市)議員]彰化縣第9選舉區,3
[鄉鎮市長]彰化縣彰化市,3
[鄉鎮市長]彰化縣鹿港鎮,4
[鄉鎮市長]彰化縣和美鎮,2
[鄉鎮市長]彰化縣線西鄉,2
[鄉鎮市長]彰化縣伸港鄉,1
[鄉鎮市長]彰化縣福興鄉,3
[鄉鎮市長]彰化縣秀水鄉,4
[鄉鎮市長]彰化縣花壇鄉,4
[鄉鎮市長]彰化縣芬園鄉,2
[鄉鎮市長]彰化縣員林市,5
[鄉鎮市長]彰化縣溪湖鎮,2
[鄉鎮市長]彰化縣田中鎮,4
[鄉鎮市長]彰化縣大村鄉,2
[鄉鎮市長]彰化縣埔鹽鄉,7
[鄉鎮市長]彰化縣埔心鄉,5
[鄉鎮市長]彰化縣永靖鄉,3
[鄉鎮市長]彰化縣社頭鄉,2
[鄉鎮市長]彰化縣二水鄉,2
[鄉鎮市長]彰化縣北斗鎮,4
[鄉鎮市長]彰化縣二林鎮,3
[鄉鎮市長]彰化縣田尾鄉,3
[鄉鎮市長]彰化縣埤頭鄉,4
[鄉鎮市長]彰化縣芳苑鄉,3
[鄉鎮市長]彰化縣大城鄉,2
[鄉鎮市長]彰化縣竹塘鄉,2
[鄉鎮市長]彰化縣溪州鄉,4
[鄉鎮市民代表]彰化縣彰化市第1選舉區,12
[鄉鎮市民代表]彰化縣彰化市第2選舉區,9
[鄉鎮市民代表]彰化縣彰化市第3選舉區,7
[鄉鎮市民代表]彰化縣彰化市第4選舉區,11
[鄉鎮市民代表]彰化縣鹿港鎮第1選舉區,5
[鄉鎮市民代表]彰化縣鹿港鎮第2選舉區,3
[鄉鎮市民代表]彰化縣鹿港鎮第3選舉區,5
[鄉鎮市民代表]彰化縣鹿港鎮第4選舉區,9
[鄉鎮市民代表]彰化縣和美鎮第1選舉區,8
[鄉鎮市民代表]彰化縣和美鎮第2選舉區,7
[鄉鎮市民代表]彰化縣和美鎮第3選舉區,6
[鄉鎮市民代表]彰化縣和美鎮第4選舉區,4
[鄉鎮市民代表]彰化縣線西鄉第1選舉區,8
[鄉鎮市民代表]彰化縣線西鄉第2選舉區,3
[鄉鎮市民代表]彰化縣線西鄉第3選舉區,5
[鄉鎮市民代表]彰化縣伸港鄉第1選舉區,3
[鄉鎮市民代表]彰化縣伸港鄉第2選舉區,3
[鄉鎮市民代表]彰化縣伸港鄉第3選舉區,6
[鄉鎮市民代表]彰化縣伸港鄉第4選舉區,5
[鄉鎮市民代表]彰化縣福興鄉第1選舉區,4
[鄉鎮市民代表]彰化縣福興鄉第2選舉區,5
[鄉鎮市民代表]彰化縣福興鄉第3選舉區,7
[鄉鎮市民代表]彰化縣秀水鄉第1選舉區,6
[鄉鎮市民代表]彰化縣秀水鄉第2選舉區,3
[鄉鎮市民代表]彰化縣秀水鄉第3選舉區,5
[鄉鎮市民代表]彰化縣花壇鄉第1選舉區,7
[鄉鎮市民代表]彰化縣花壇鄉第2選舉區,9
[鄉鎮市民代表]彰化縣花壇鄉第3選舉區,9
[鄉鎮市民代表]彰化縣芬園鄉第1選舉區,4
[鄉鎮市民代表]彰化縣芬園鄉第2選舉區,6
[鄉鎮市民代表]彰化縣芬園鄉第3選舉區,2
[鄉鎮市民代表]彰化縣芬園鄉第4選舉區,3
[鄉鎮市民代表]彰化縣員林市第1選舉區,6
[鄉鎮市民代表]彰化縣員林市第2選舉區,7
[鄉鎮市民代表]彰化縣員林市第3選舉區,13
[鄉鎮市民代表]彰化縣員林市第4選舉區,8
[鄉鎮市民代表]彰化縣溪湖鎮第1選舉區,6
[鄉鎮市民代表]彰化縣溪湖鎮第2選舉區,10
[鄉鎮市民代表]彰化縣溪湖鎮第3選舉區,5
[鄉鎮市民代表]彰化縣田中鎮第1選舉區,5
[鄉鎮市民代表]彰化縣田中鎮第2選舉區,8
[鄉鎮市民代表]彰化縣田中鎮第3選舉區,6
[鄉鎮市民代表]彰化縣大村鄉第1選舉區,7
[鄉鎮市民代表]彰化縣大村鄉第2選舉區,2
[鄉鎮市民代表]彰化縣大村鄉第3選舉區,3
[鄉鎮市民代表]彰化縣大村鄉第4選舉區,6
[鄉鎮市民代表]彰化縣埔鹽鄉第1選舉區,6
[鄉鎮市民代表]彰化縣埔鹽鄉第2選舉區,10
[鄉鎮市民代表]彰化縣埔鹽鄉第3選舉區,5
[鄉鎮市民代表]彰化縣埔心鄉第1選舉區,13
[鄉鎮市民代表]彰化縣埔心鄉第2選舉區,5
[鄉鎮市民代表]彰化縣埔心鄉第3選舉區,2
[鄉鎮市民代表]彰化縣永靖鄉第1選舉區,9
[鄉鎮市民代表]彰化縣永靖鄉第2選舉區,7
[鄉鎮市民代表]彰化縣永靖鄉第3選舉區,5
[鄉鎮市民代表]彰化縣社頭鄉第1選舉區,10
[鄉鎮市民代表]彰化縣社頭鄉第2選舉區,2
[鄉鎮市民代表]彰化縣社頭鄉第3選舉區,1
[鄉鎮市民代表]彰化縣社頭鄉第4選舉區,4
[鄉鎮市民代表]彰化縣二水鄉第1選舉區,5
[鄉鎮市民代表]彰化縣二水鄉第2選舉區,11
[鄉鎮市民代表]彰化縣二水鄉第3選舉區,5
[鄉鎮市民代表]彰化縣北斗鎮第1選舉區,6
[鄉鎮市民代表]彰化縣北斗鎮第2選舉區,7
[鄉鎮市民代表]彰化縣北斗鎮第3選舉區,8
[鄉鎮市民代表]彰化縣北斗鎮第4選舉區,4
[鄉鎮市民代表]彰化縣二林鎮第1選舉區,5
[鄉鎮市民代表]彰化縣二林鎮第2選舉區,5
[鄉鎮市民代表]彰化縣二林鎮第3選舉區,5
[鄉鎮市民代表]彰化縣二林鎮第4選舉區,2
[鄉鎮市民代表]彰化縣田尾鄉第1選舉區,7
[鄉鎮市民代表]彰化縣田尾鄉第2選舉區,4
[鄉鎮市民代表]彰化縣田尾鄉第3選舉區,2
[鄉鎮市民代表]彰化縣田尾鄉第4選舉區,4
[鄉鎮市民代表]彰化縣埤頭鄉第1選舉區,4
[鄉鎮市民代表]彰化縣埤頭鄉第2選舉區,8
[鄉鎮市民代表]彰化縣埤頭鄉第3選舉區,2
[鄉鎮市民代表]彰化縣埤頭鄉第4選舉區,2
[鄉鎮市民代表]彰化縣芳苑鄉第1選舉區,3
[鄉鎮市民代表]彰化縣芳苑鄉第2選舉區,2
[鄉鎮市民代表]彰化縣芳苑鄉第3選舉區,4
[鄉鎮市民代表]彰化縣芳苑鄉第4選舉區,5
[鄉鎮市民代表]彰化縣大城鄉第1選舉區,3
[鄉鎮市民代表]彰化縣大城鄉第2選舉區,5
[鄉鎮市民代表]彰化縣大城鄉第3選舉區,3
[鄉鎮市民代表]彰化縣大城鄉第4選舉區,4
[鄉鎮市民代表]彰化縣竹塘鄉第1選舉區,5
[鄉鎮市民代表]彰化縣竹塘鄉第2選舉區,2
[鄉鎮市民代表]彰化縣竹塘鄉第3選舉區,5
[鄉鎮市民代表]彰化縣竹塘鄉第4選舉區,5
[鄉鎮市民代表]彰化縣溪州鄉第1選舉區,4
[鄉鎮市民代表]彰化縣溪州鄉第2選舉區,2
[鄉鎮市民代表]彰化縣溪州鄉第3選舉區,6
[鄉鎮市民代表]彰化縣溪州鄉第4選舉區,4
[縣(市)長]南投縣,2
[縣(市)議員]南投縣第1選舉區,16
[縣(市)議員]南投縣第2選舉區,12
[縣(市)議員]南投縣第3選舉區,6
[縣(市)議員]南投縣第4選舉區,9
[縣(市)議員]南投縣第5選舉區,10
[縣(市)議員]南投縣第7選舉區,3
[縣(市)議員]南投縣第8選舉區,3
[縣(市)議員]南投縣第6選舉區,2
[鄉鎮市長]南投縣南投市,3
[鄉鎮市長]南投縣埔里鎮,3
[鄉鎮市長]南投縣草屯鎮,3
[鄉鎮市長]南投縣竹山鎮,3
[鄉鎮市長]南投縣集集鎮,4
[鄉鎮市長]南投縣名間鄉,2
[鄉鎮市長]南投縣鹿谷鄉,2
[鄉鎮市長]南投縣中寮鄉,4
[鄉鎮市長]南投縣魚池鄉,3
[鄉鎮市長]南投縣國姓鄉,2
[鄉鎮市長]南投縣水里鄉,4
[鄉鎮市長]南投縣信義鄉,3
[鄉鎮市長]南投縣仁愛鄉,2
[鄉鎮市民代表]南投縣南投市第1選舉區,6
[鄉鎮市民代表]南投縣南投市第2選舉區,10
[鄉鎮市民代表]南投縣南投市第3選舉區,9
[鄉鎮市民代表]南投縣南投市第4選舉區,1
[鄉鎮市民代表]南投縣埔里鎮第1選舉區,8
[鄉鎮市民代表]南投縣埔里鎮第2選舉區,10
[鄉鎮市民代表]南投縣埔里鎮第3選舉區,5
[鄉鎮市民代表]南投縣埔里鎮第4選舉區,4
[鄉鎮市民代表]南投縣草屯鎮第1選舉區,5
[鄉鎮市民代表]南投縣草屯鎮第2選舉區,10
[鄉鎮市民代表]南投縣草屯鎮第3選舉區,7
[鄉鎮市民代表]南投縣草屯鎮第4選舉區,5
[鄉鎮市民代表]南投縣竹山鎮第1選舉區,9
[鄉鎮市民代表]南投縣竹山鎮第2選舉區,7
[鄉鎮市民代表]南投縣竹山鎮第3選舉區,3
[鄉鎮市民代表]南投縣集集鎮第1選舉區,4
[鄉鎮市民代表]南投縣集集鎮第2選舉區,3
[鄉鎮市民代表]南投縣集集鎮第3選舉區,3
[鄉鎮市民代表]南投縣集集鎮第4選舉區,5
[鄉鎮市民代表]南投縣名間鄉第1選舉區,7
[鄉鎮市民代表]南投縣名間鄉第2選舉區,2
[鄉鎮市民代表]南投縣名間鄉第3選舉區,1
[鄉鎮市民代表]南投縣名間鄉第4選舉區,3
[鄉鎮市民代表]南投縣鹿谷鄉第1選舉區,9
[鄉鎮市民代表]南投縣鹿谷鄉第2選舉區,4
[鄉鎮市民代表]南投縣鹿谷鄉第3選舉區,3
[鄉鎮市民代表]南投縣中寮鄉第1選舉區,6
[鄉鎮市民代表]南投縣中寮鄉第2選舉區,7
[鄉鎮市民代表]南投縣中寮鄉第3選舉區,4
[鄉鎮市民代表]南投縣中寮鄉第4選舉區,3
[鄉鎮市民代表]南投縣魚池鄉第1選舉區,9
[鄉鎮市民代表]南投縣魚池鄉第2選舉區,5
[鄉鎮市民代表]南投縣魚池鄉第3選舉區,5
[鄉鎮市民代表]南投縣國姓鄉第1選舉區,5
[鄉鎮市民代表]南投縣國姓鄉第2選舉區,6
[鄉鎮市民代表]南投縣國姓鄉第3選舉區,3
[鄉鎮市民代表]南投縣國姓鄉第4選舉區,4
[鄉鎮市民代表]南投縣水里鄉第1選舉區,6
[鄉鎮市民代表]南投縣水里鄉第2選舉區,7
[鄉鎮市民代表]南投縣水里鄉第3選舉區,1
[鄉鎮市民代表]南投縣水里鄉第4選舉區,3
[鄉鎮市民代表]南投縣信義鄉第1選舉區,4
[鄉鎮市民代表]南投縣信義鄉第2選舉區,5
[鄉鎮市民代表]南投縣信義鄉第3選舉區,3
[鄉鎮市民代表]南投縣信義鄉第4選舉區,5
[鄉鎮市民代表]南投縣仁愛鄉第1選舉區,5
[鄉鎮市民代表]南投縣仁愛鄉第2選舉區,8
[鄉鎮市民代表]南投縣仁愛鄉第3選舉區,6
[鄉鎮市民代表]南投縣仁愛鄉第4選舉區,2
[縣(市)長]雲林縣,4
[縣(市)議員]雲林縣第1選舉區,17
[縣(市)議員]雲林縣第2選舉區,10
[縣(市)議員]雲林縣第3選舉區,16
[縣(市)議員]雲林縣第4選舉區,11
[縣(市)議員]雲林縣第5選舉區,11
[縣(市)議員]雲林縣第6選舉區,9
[鄉鎮市長]雲林縣斗六市,4
[鄉鎮市長]雲林縣斗南鎮,4
[鄉鎮市長]雲林縣虎尾鎮,4
[鄉鎮市長]雲林縣西螺鎮,5
[鄉鎮市長]雲林縣土庫鎮,3
[鄉鎮市長]雲林縣北港鎮,2
[鄉鎮市長]雲林縣古坑鄉,2
[鄉鎮市長]雲林縣大埤鄉,5
[鄉鎮市長]雲林縣莿桐鄉,2
[鄉鎮市長]雲林縣林內鄉,2
[鄉鎮市長]雲林縣二崙鄉,2
[鄉鎮市長]雲林縣崙背鄉,3
[鄉鎮市長]雲林縣麥寮鄉,1
[鄉鎮市長]雲林縣東勢鄉,2
[鄉鎮市長]雲林縣褒忠鄉,2
[鄉鎮市長]雲林縣臺西鄉,2
[鄉鎮市長]雲林縣元長鄉,2
[鄉鎮市長]雲林縣四湖鄉,2
[鄉鎮市長]雲林縣口湖鄉,2
[鄉鎮市長]雲林縣水林鄉,3
[鄉鎮市民代表]雲林縣斗六市第1選舉區,11
[鄉鎮市民代表]雲林縣斗六市第2選舉區,7
[鄉鎮市民代表]雲林縣斗六市第3選舉區,7
[鄉鎮市民代表]雲林縣斗六市第4選舉區,7
[鄉鎮市民代表]雲林縣斗南鎮第1選舉區,7
[鄉鎮市民代表]雲林縣斗南鎮第2選舉區,5
[鄉鎮市民代表]雲林縣斗南鎮第3選舉區,6
[鄉鎮市民代表]雲林縣斗南鎮第4選舉區,5
[鄉鎮市民代表]雲林縣虎尾鎮第1選舉區,10
[鄉鎮市民代表]雲林縣虎尾鎮第2選舉區,2
[鄉鎮市民代表]雲林縣虎尾鎮第3選舉區,3
[鄉鎮市民代表]雲林縣虎尾鎮第4選舉區,1
[鄉鎮市民代表]雲林縣西螺鎮第1選舉區,8
[鄉鎮市民代表]雲林縣西螺鎮第2選舉區,3
[鄉鎮市民代表]雲林縣西螺鎮第3選舉區,1
[鄉鎮市民代表]雲林縣西螺鎮第4選舉區,3
[鄉鎮市民代表]雲林縣土庫鎮第1選舉區,7
[鄉鎮市民代表]雲林縣土庫鎮第2選舉區,3
[鄉鎮市民代表]雲林縣土庫鎮第3選舉區,3
[鄉鎮市民代表]雲林縣土庫鎮第4選舉區,4
[鄉鎮市民代表]雲林縣北港鎮第1選舉區,6
[鄉鎮市民代表]雲林縣北港鎮第2選舉區,6
[鄉鎮市民代表]雲林縣北港鎮第3選舉區,4
[鄉鎮市民代表]雲林縣古坑鄉第1選舉區,6
[鄉鎮市民代表]雲林縣古坑鄉第2選舉區,5
[鄉鎮市民代表]雲林縣古坑鄉第3選舉區,3
[鄉鎮市民代表]雲林縣古坑鄉第4選舉區,1
[鄉鎮市民代表]雲林縣大埤鄉第1選舉區,4
[鄉鎮市民代表]雲林縣大埤鄉第2選舉區,7
[鄉鎮市民代表]雲林縣大埤鄉第3選舉區,7
[鄉鎮市民代表]雲林縣大埤鄉第4選舉區,4
[鄉鎮市民代表]雲林縣莿桐鄉第1選舉區,7
[鄉鎮市民代表]雲林縣莿桐鄉第2選舉區,6
[鄉鎮市民代表]雲林縣莿桐鄉第3選舉區,4
[鄉鎮市民代表]雲林縣林內鄉第1選舉區,3
[鄉鎮市民代表]雲林縣林內鄉第2選舉區,4
[鄉鎮市民代表]雲林縣林內鄉第3選舉區,3
[鄉鎮市民代表]雲林縣林內鄉第4選舉區,5
[鄉鎮市民代表]雲林縣二崙鄉第1選舉區,3
[鄉鎮市民代表]雲林縣二崙鄉第2選舉區,4
[鄉鎮市民代表]雲林縣二崙鄉第3選舉區,5
[鄉鎮市民代表]雲林縣二崙鄉第4選舉區,3
[鄉鎮市民代表]雲林縣二崙鄉第5選舉區,2
[鄉鎮市民代表]雲林縣崙背鄉第1選舉區,4
[鄉鎮市民代表]雲林縣崙背鄉第2選舉區,5
[鄉鎮市民代表]雲林縣崙背鄉第3選舉區,2
[鄉鎮市民代表]雲林縣崙背鄉第4選舉區,6
[鄉鎮市民代表]雲林縣麥寮鄉第1選舉區,7
[鄉鎮市民代表]雲林縣麥寮鄉第2選舉區,2
[鄉鎮市民代表]雲林縣麥寮鄉第3選舉區,5
[鄉鎮市民代表]雲林縣麥寮鄉第4選舉區,3
[鄉鎮市民代表]雲林縣東勢鄉第1選舉區,4
[鄉鎮市民代表]雲林縣東勢鄉第2選舉區,5
[鄉鎮市民代表]雲林縣東勢鄉第3選舉區,5
[鄉鎮市民代表]雲林縣東勢鄉第4選舉區,4
[鄉鎮市民代表]雲林縣褒忠鄉第1選舉區,5
[鄉鎮市民代表]雲林縣褒忠鄉第2選舉區,5
[鄉鎮市民代表]雲林縣褒忠鄉第3選舉區,3
[鄉鎮市民代表]雲林縣褒忠鄉第4選舉區,3
[鄉鎮市民代表]雲林縣臺西鄉第1選舉區,6
[鄉鎮市民代表]雲林縣臺西鄉第2選舉區,4
[鄉鎮市民代表]雲林縣臺西鄉第3選舉區,3
[鄉鎮市民代表]雲林縣臺西鄉第4選舉區,5
[鄉鎮市民代表]雲林縣元長鄉第1選舉區,6
[鄉鎮市民代表]雲林縣元長鄉第2選舉區,4
[鄉鎮市民代表]雲林縣元長鄉第3選舉區,4
[鄉鎮市民代表]雲林縣四湖鄉第1選舉區,7
[鄉鎮市民代表]雲林縣四湖鄉第2選舉區,2
[鄉鎮市民代表]雲林縣四湖鄉第3選舉區,3
[鄉鎮市民代表]雲林縣四湖鄉第4選舉區,1
[鄉鎮市民代表]雲林縣口湖鄉第1選舉區,5
[鄉鎮市民代表]雲林縣口湖鄉第2選舉區,3
[鄉鎮市民代表]雲林縣口湖鄉第3選舉區,4
[鄉鎮市民代表]雲林縣口湖鄉第4選舉區,4
[鄉鎮市民代表]雲林縣水林鄉第1選舉區,8
[鄉鎮市民代表]雲林縣水林鄉第2選舉區,5
[鄉鎮市民代表]雲林縣水林鄉第3選舉區,3
[鄉鎮市民代表]雲林縣水林鄉第4選舉區,3
[縣(市)長]嘉義縣,4
[縣(市)議員]嘉義縣第1選舉區,12
[縣(市)議員]嘉義縣第2選舉區,9
[縣(市)議員]嘉義縣第3選舉區,8
[縣(市)議員]嘉義縣第4選舉區,11
[縣(市)議員]嘉義縣第5選舉區,5
[縣(市)議員]嘉義縣第6選舉區,13
[縣(市)議員]嘉義縣第7選舉區,2
[鄉鎮市長]嘉義縣太保市,1
[鄉鎮市長]嘉義縣朴子市,3
[鄉鎮市長]嘉義縣布袋鎮,1
[鄉鎮市長]嘉義縣大林鎮,4
[鄉鎮市長]嘉義縣民雄鄉,2
[鄉鎮市長]嘉義縣溪口鄉,4
[鄉鎮市長]嘉義縣新港鄉,2
[鄉鎮市長]嘉義縣六腳鄉,1
[鄉鎮市長]嘉義縣東石鄉,1
[鄉鎮市長]嘉義縣義竹鄉,2
[鄉鎮市長]嘉義縣鹿草鄉,1
[鄉鎮市長]嘉義縣水上鄉,2
[鄉鎮市長]嘉義縣中埔鄉,2
[鄉鎮市長]嘉義縣竹崎鄉,3
[鄉鎮市長]嘉義縣梅山鄉,2
[鄉鎮市長]嘉義縣番路鄉,1
[鄉鎮市長]嘉義縣大埔鄉,2
[鄉鎮市長]嘉義縣阿里山鄉,1
[鄉鎮市民代表]嘉義縣太保市第1選舉區,5
[鄉鎮市民代表]嘉義縣太保市第2選舉區,2
[鄉鎮市民代表]嘉義縣太保市第3選舉區,6
[鄉鎮市民代表]嘉義縣朴子市第1選舉區,7
[鄉鎮市民代表]嘉義縣朴子市第2選舉區,4
[鄉鎮市民代表]嘉義縣朴子市第3選舉區,3
[鄉鎮市民代表]嘉義縣布袋鎮第1選舉區,5
[鄉鎮市民代表]嘉義縣布袋鎮第2選舉區,3
[鄉鎮市民代表]嘉義縣布袋鎮第3選舉區,6
[鄉鎮市民代表]嘉義縣大林鎮第1選舉區,11
[鄉鎮市民代表]嘉義縣大林鎮第2選舉區,7
[鄉鎮市民代表]嘉義縣民雄鄉第1選舉區,4
[鄉鎮市民代表]嘉義縣民雄鄉第2選舉區,6
[鄉鎮市民代表]嘉義縣民雄鄉第3選舉區,5
[鄉鎮市民代表]嘉義縣溪口鄉第1選舉區,10
[鄉鎮市民代表]嘉義縣溪口鄉第2選舉區,7
[鄉鎮市民代表]嘉義縣新港鄉第1選舉區,10
[鄉鎮市民代表]嘉義縣新港鄉第2選舉區,10
[鄉鎮市民代表]嘉義縣六腳鄉第1選舉區,8
[鄉鎮市民代表]嘉義縣六腳鄉第2選舉區,7
[鄉鎮市民代表]嘉義縣六腳鄉第3選舉區,3
[鄉鎮市民代表]嘉義縣東石鄉第1選舉區,3
[鄉鎮市民代表]嘉義縣東石鄉第2選舉區,5
[鄉鎮市民代表]嘉義縣東石鄉第3選舉區,6
[鄉鎮市民代表]嘉義縣義竹鄉第1選舉區,5
[鄉鎮市民代表]嘉義縣義竹鄉第2選舉區,9
[鄉鎮市民代表]嘉義縣鹿草鄉第1選舉區,10
[鄉鎮市民代表]嘉義縣鹿草鄉第2選舉區,5
[鄉鎮市民代表]嘉義縣鹿草鄉第3選舉區,3
[鄉鎮市民代表]嘉義縣水上鄉第1選舉區,5
[鄉鎮市民代表]嘉義縣水上鄉第2選舉區,5
[鄉鎮市民代表]嘉義縣水上鄉第3選舉區,6
[鄉鎮市民代表]嘉義縣中埔鄉第1選舉區,8
[鄉鎮市民代表]嘉義縣中埔鄉第2選舉區,5
[鄉鎮市民代表]嘉義縣中埔鄉第3選舉區,3
[鄉鎮市民代表]嘉義縣竹崎鄉第1選舉區,8
[鄉鎮市民代表]嘉義縣竹崎鄉第2選舉區,3
[鄉鎮市民代表]嘉義縣竹崎鄉第3選舉區,3
[鄉鎮市民代表]嘉義縣梅山鄉第1選舉區,9
[鄉鎮市民代表]嘉義縣梅山鄉第2選舉區,5
[鄉鎮市民代表]嘉義縣梅山鄉第3選舉區,3
[鄉鎮市民代表]嘉義縣番路鄉第1選舉區,8
[鄉鎮市民代表]嘉義縣番路鄉第2選舉區,4
[鄉鎮市民代表]嘉義縣大埔鄉第1選舉區,5
[鄉鎮市民代表]嘉義縣大埔鄉第2選舉區,5
[鄉鎮市民代表]嘉義縣阿里山鄉第1選舉區,2
[鄉鎮市民代表]嘉義縣阿里山鄉第2選舉區,8
[鄉鎮市民代表]嘉義縣阿里山鄉第3選舉區,4
[縣(市)長]屏東縣,3
[縣(市)議員]屏東縣第1選舉區,20
[縣(市)議員]屏東縣第2選舉區,13
[縣(市)議員]屏東縣第3選舉區,17
[縣(市)議員]屏東縣第4選舉區,10
[縣(市)議員]屏東縣第5選舉區,6
[縣(市)議員]屏東縣第6選舉區,6
[縣(市)議員]屏東縣第7選舉區,2
[縣(市)議員]屏東縣第9選舉區,2
[縣(市)議員]屏東縣第10選舉區,2
[縣(市)議員]屏東縣第11選舉區,2
[縣(市)議員]屏東縣第12選舉區,1
[縣(市)議員]屏東縣第13選舉區,2
[縣(市)議員]屏東縣第14選舉區,6
[縣(市)議員]屏東縣第15選舉區,5
[縣(市)議員]屏東縣第16選舉區,4
[縣(市)議員]屏東縣第8選舉區,4
[鄉鎮市長]屏東縣屏東市,2
[鄉鎮市長]屏東縣潮州鎮,3
[鄉鎮市長]屏東縣東港鎮,2
[鄉鎮市長]屏東縣恆春鎮,5
[鄉鎮市長]屏東縣萬丹鄉,2
[鄉鎮市長]屏東縣長治鄉,4
[鄉鎮市長]屏東縣麟洛鄉,2
[鄉鎮市長]屏東縣九如鄉,2
[鄉鎮市長]屏東縣里港鄉,2
[鄉鎮市長]屏東縣鹽埔鄉,2
[鄉鎮市長]屏東縣高樹鄉,4
[鄉鎮市長]屏東縣萬巒鄉,2
[鄉鎮市長]屏東縣內埔鄉,1
[鄉鎮市長]屏東縣竹田鄉,2
[鄉鎮市長]屏東縣新埤鄉,3
[鄉鎮市長]屏東縣枋寮鄉,3
[鄉鎮市長]屏東縣新園鄉,3
[鄉鎮市長]屏東縣崁頂鄉,3
[鄉鎮市長]屏東縣林邊鄉,2
[鄉鎮市長]屏東縣南州鄉,3
[鄉鎮市長]屏東縣佳冬鄉,2
[鄉鎮市長]屏東縣琉球鄉,2
[鄉鎮市長]屏東縣車城鄉,4
[鄉鎮市長]屏東縣滿州鄉,3
[鄉鎮市長]屏東縣枋山鄉,4
[鄉鎮市長]屏東縣三地門鄉,2
[鄉鎮市長]屏東縣霧臺鄉,2
[鄉鎮市長]屏東縣瑪家鄉,2
[鄉鎮市長]屏東縣泰武鄉,1
[鄉鎮市長]屏東縣來義鄉,2
[鄉鎮市長]屏東縣春日鄉,2
[鄉鎮市長]屏東縣獅子鄉,8
[鄉鎮市長]屏東縣牡丹鄉,3
[鄉鎮市民代表]屏東縣屏東市第1選舉區,2
[鄉鎮市民代表]屏東縣屏東市第2選舉區,10
[鄉鎮市民代表]屏東縣屏東市第3選舉區,10
[鄉鎮市民代表]屏東縣屏東市第4選舉區,16
[鄉鎮市民代表]屏東縣潮州鎮第1選舉區,8
[鄉鎮市民代表]屏東縣潮州鎮第2選舉區,7
[鄉鎮市民代表]屏東縣潮州鎮第3選舉區,2
[鄉鎮市民代表]屏東縣東港鎮第1選舉區,5
[鄉鎮市民代表]屏東縣東港鎮第2選舉區,3
[鄉鎮市民代表]屏東縣東港鎮第3選舉區,3
[鄉鎮市民代表]屏東縣東港鎮第4選舉區,4
[鄉鎮市民代表]屏東縣恆春鎮第1選舉區,6
[鄉鎮市民代表]屏東縣恆春鎮第2選舉區,3
[鄉鎮市民代表]屏東縣恆春鎮第3選舉區,5
[鄉鎮市民代表]屏東縣恆春鎮第4選舉區,5
[鄉鎮市民代表]屏東縣萬丹鄉第1選舉區,3
[鄉鎮市民代表]屏東縣萬丹鄉第2選舉區,6
[鄉鎮市民代表]屏東縣萬丹鄉第3選舉區,2
[鄉鎮市民代表]屏東縣萬丹鄉第4選舉區,4
[鄉鎮市民代表]屏東縣長治鄉第1選舉區,7
[鄉鎮市民代表]屏東縣長治鄉第2選舉區,4
[鄉鎮市民代表]屏東縣長治鄉第3選舉區,5
[鄉鎮市民代表]屏東縣麟洛鄉第1選舉區,3
[鄉鎮市民代表]屏東縣麟洛鄉第2選舉區,4
[鄉鎮市民代表]屏東縣麟洛鄉第3選舉區,4
[鄉鎮市民代表]屏東縣麟洛鄉第4選舉區,4
[鄉鎮市民代表]屏東縣九如鄉第1選舉區,5
[鄉鎮市民代表]屏東縣九如鄉第2選舉區,5
[鄉鎮市民代表]屏東縣九如鄉第3選舉區,2
[鄉鎮市民代表]屏東縣九如鄉第4選舉區,2
[鄉鎮市民代表]屏東縣里港鄉第1選舉區,4
[鄉鎮市民代表]屏東縣里港鄉第2選舉區,4
[鄉鎮市民代表]屏東縣里港鄉第3選舉區,5
[鄉鎮市民代表]屏東縣里港鄉第4選舉區,4
[鄉鎮市民代表]屏東縣鹽埔鄉第1選舉區,7
[鄉鎮市民代表]屏東縣鹽埔鄉第2選舉區,2
[鄉鎮市民代表]屏東縣鹽埔鄉第3選舉區,3
[鄉鎮市民代表]屏東縣鹽埔鄉第4選舉區,2
[鄉鎮市民代表]屏東縣高樹鄉第1選舉區,7
[鄉鎮市民代表]屏東縣高樹鄉第2選舉區,3
[鄉鎮市民代表]屏東縣高樹鄉第3選舉區,5
[鄉鎮市民代表]屏東縣高樹鄉第4選舉區,4
[鄉鎮市民代表]屏東縣萬巒鄉第1選舉區,6
[鄉鎮市民代表]屏東縣萬巒鄉第2選舉區,3
[鄉鎮市民代表]屏東縣萬巒鄉第3選舉區,3
[鄉鎮市民代表]屏東縣萬巒鄉第4選舉區,8
[鄉鎮市民代表]屏東縣內埔鄉第1選舉區,10
[鄉鎮市民代表]屏東縣內埔鄉第2選舉區,4
[鄉鎮市民代表]屏東縣內埔鄉第3選舉區,2
[鄉鎮市民代表]屏東縣內埔鄉第4選舉區,6
[鄉鎮市民代表]屏東縣竹田鄉第1選舉區,7
[鄉鎮市民代表]屏東縣竹田鄉第2選舉區,6
[鄉鎮市民代表]屏東縣竹田鄉第3選舉區,7
[鄉鎮市民代表]屏東縣新埤鄉第1選舉區,7
[鄉鎮市民代表]屏東縣新埤鄉第2選舉區,3
[鄉鎮市民代表]屏東縣新埤鄉第3選舉區,3
[鄉鎮市民代表]屏東縣新埤鄉第4選舉區,4
[鄉鎮市民代表]屏東縣枋寮鄉第1選舉區,8
[鄉鎮市民代表]屏東縣枋寮鄉第2選舉區,5
[鄉鎮市民代表]屏東縣枋寮鄉第3選舉區,4
[鄉鎮市民代表]屏東縣新園鄉第1選舉區,6
[鄉鎮市民代表]屏東縣新園鄉第2選舉區,4
[鄉鎮市民代表]屏東縣新園鄉第3選舉區,2
[鄉鎮市民代表]屏東縣新園鄉第4選舉區,5
[鄉鎮市民代表]屏東縣崁頂鄉第1選舉區,5
[鄉鎮市民代表]屏東縣崁頂鄉第2選舉區,2
[鄉鎮市民代表]屏東縣崁頂鄉第3選舉區,3
[鄉鎮市民代表]屏東縣崁頂鄉第4選舉區,4
[鄉鎮市民代表]屏東縣林邊鄉第1選舉區,6
[鄉鎮市民代表]屏東縣林邊鄉第2選舉區,5
[鄉鎮市民代表]屏東縣林邊鄉第3選舉區,3
[鄉鎮市民代表]屏東縣南州鄉第1選舉區,8
[鄉鎮市民代表]屏東縣南州鄉第2選舉區,2
[鄉鎮市民代表]屏東縣南州鄉第3選舉區,6
[鄉鎮市民代表]屏東縣南州鄉第4選舉區,4
[鄉鎮市民代表]屏東縣佳冬鄉第1選舉區,4
[鄉鎮市民代表]屏東縣佳冬鄉第2選舉區,3
[鄉鎮市民代表]屏東縣佳冬鄉第3選舉區,4
[鄉鎮市民代表]屏東縣佳冬鄉第4選舉區,4
[鄉鎮市民代表]屏東縣琉球鄉第1選舉區,3
[鄉鎮市民代表]屏東縣琉球鄉第2選舉區,5
[鄉鎮市民代表]屏東縣琉球鄉第3選舉區,3
[鄉鎮市民代表]屏東縣琉球鄉第4選舉區,6
[鄉鎮市民代表]屏東縣車城鄉第1選舉區,1
[鄉鎮市民代表]屏東縣車城鄉第2選舉區,5
[鄉鎮市民代表]屏東縣車城鄉第3選舉區,2
[鄉鎮市民代表]屏東縣車城鄉第4選舉區,4
[鄉鎮市民代表]屏東縣滿州鄉第1選舉區,6
[鄉鎮市民代表]屏東縣滿州鄉第2選舉區,4
[鄉鎮市民代表]屏東縣滿州鄉第3選舉區,3
[鄉鎮市民代表]屏東縣枋山鄉第1選舉區,1
[鄉鎮市民代表]屏東縣枋山鄉第2選舉區,4
[鄉鎮市民代表]屏東縣枋山鄉第3選舉區,5
[鄉鎮市民代表]屏東縣三地門鄉第1選舉區,8
[鄉鎮市民代表]屏東縣三地門鄉第2選舉區,7
[鄉鎮市民代表]屏東縣霧臺鄉第1選舉區,6
[鄉鎮市民代表]屏東縣霧臺鄉第2選舉區,5
[鄉鎮市民代表]屏東縣瑪家鄉第1選舉區,7
[鄉鎮市民代表]屏東縣瑪家鄉第2選舉區,6
[鄉鎮市民代表]屏東縣泰武鄉第1選舉區,9
[鄉鎮市民代表]屏東縣泰武鄉第2選舉區,6
[鄉鎮市民代表]屏東縣來義鄉第1選舉區,4
[鄉鎮市民代表]屏東縣來義鄉第2選舉區,5
[鄉鎮市民代表]屏東縣春日鄉第1選舉區,4
[鄉鎮市民代表]屏東縣春日鄉第2選舉區,5
[鄉鎮市民代表]屏東縣獅子鄉第1選舉區,5
[鄉鎮市民代表]屏東縣獅子鄉第2選舉區,6
[鄉鎮市民代表]屏東縣牡丹鄉第1選舉區,13
[鄉鎮市民代表]屏東縣牡丹鄉第2選舉區,4
[鄉鎮市民代表]屏東縣滿州鄉第4選舉區,3
[縣(市)長]臺東縣,5
[縣(市)議員]臺東縣第1選舉區,22
[縣(市)議員]臺東縣第2選舉區,2
[縣(市)議員]臺東縣第3選舉區,4
[縣(市)議員]臺東縣第4選舉區,3
[縣(市)議員]臺東縣第5選舉區,2
[縣(市)議員]臺東縣第6選舉區,2
[縣(市)議員]臺東縣第12選舉區,3
[縣(市)議員]臺東縣第13選舉區,2
[縣(市)議員]臺東縣第14選舉區,2
[縣(市)議員]臺東縣第15選舉區,2
[縣(市)議員]臺東縣第16選舉區,4
[縣(市)議員]臺東縣第7選舉區,7
[縣(市)議員]臺東縣第8選舉區,3
[縣(市)議員]臺東縣第9選舉區,2
[縣(市)議員]臺東縣第10選舉區,2
[縣(市)議員]臺東縣第11選舉區,5
[鄉鎮市長]臺東縣臺東市,2
[鄉鎮市長]臺東縣成功鎮,2
[鄉鎮市長]臺東縣關山鎮,2
[鄉鎮市長]臺東縣卑南鄉,1
[鄉鎮市長]臺東縣鹿野鄉,2
[鄉鎮市長]臺東縣池上鄉,1
[鄉鎮市長]臺東縣東河鄉,3
[鄉鎮市長]臺東縣長濱鄉,2
[鄉鎮市長]臺東縣太麻里鄉,2
[鄉鎮市長]臺東縣大武鄉,2
[鄉鎮市長]臺東縣綠島鄉,2
[鄉鎮市長]臺東縣海端鄉,4
[鄉鎮市長]臺東縣延平鄉,6
[鄉鎮市長]臺東縣金峰鄉,2
[鄉鎮市長]臺東縣達仁鄉,7
[鄉鎮市長]臺東縣蘭嶼鄉,15
[鄉鎮市民代表]臺東縣臺東市第1選舉區,4
[鄉鎮市民代表]臺東縣臺東市第2選舉區,13
[鄉鎮市民代表]臺東縣臺東市第3選舉區,9
[鄉鎮市民代表]臺東縣臺東市第4選舉區,3
[鄉鎮市民代表]臺東縣成功鎮第1選舉區,9
[鄉鎮市民代表]臺東縣關山鎮第1選舉區,5
[鄉鎮市民代表]臺東縣關山鎮第2選舉區,2
[鄉鎮市民代表]臺東縣關山鎮第3選舉區,1
[鄉鎮市民代表]臺東縣卑南鄉第1選舉區,8
[鄉鎮市民代表]臺東縣卑南鄉第2選舉區,3
[鄉鎮市民代表]臺東縣鹿野鄉第1選舉區,4
[鄉鎮市民代表]臺東縣鹿野鄉第2選舉區,3
[鄉鎮市民代表]臺東縣池上鄉第1選舉區,4
[鄉鎮市民代表]臺東縣池上鄉第2選舉區,2
[鄉鎮市民代表]臺東縣池上鄉第3選舉區,2
[鄉鎮市民代表]臺東縣東河鄉第1選舉區,4
[鄉鎮市民代表]臺東縣長濱鄉第1選舉區,6
[鄉鎮市民代表]臺東縣太麻里鄉第1選舉區,4
[鄉鎮市民代表]臺東縣太麻里鄉第2選舉區,5
[鄉鎮市民代表]臺東縣大武鄉第1選舉區,4
[鄉鎮市民代表]臺東縣綠島鄉第1選舉區,3
[鄉鎮市民代表]臺東縣綠島鄉第2選舉區,4
[鄉鎮市民代表]臺東縣綠島鄉第3選舉區,3
[鄉鎮市民代表]臺東縣海端鄉第1選舉區,2
[鄉鎮市民代表]臺東縣海端鄉第2選舉區,10
[鄉鎮市民代表]臺東縣海端鄉第3選舉區,4
[鄉鎮市民代表]臺東縣延平鄉第1選舉區,7
[鄉鎮市民代表]臺東縣延平鄉第2選舉區,4
[鄉鎮市民代表]臺東縣延平鄉第3選舉區,2
[鄉鎮市民代表]臺東縣金峰鄉第1選舉區,4
[鄉鎮市民代表]臺東縣金峰鄉第2選舉區,4
[鄉鎮市民代表]臺東縣金峰鄉第3選舉區,2
[鄉鎮市民代表]臺東縣達仁鄉第1選舉區,5
[鄉鎮市民代表]臺東縣達仁鄉第2選舉區,5
[鄉鎮市民代表]臺東縣達仁鄉第3選舉區,5
[鄉鎮市民代表]臺東縣臺東市第5選舉區,8
[鄉鎮市民代表]臺東縣成功鎮第2選舉區,9
[鄉鎮市民代表]臺東縣關山鎮第4選舉區,4
[鄉鎮市民代表]臺東縣卑南鄉第3選舉區,6
[鄉鎮市民代表]臺東縣鹿野鄉第3選舉區,3
[鄉鎮市民代表]臺東縣池上鄉第4選舉區,4
[鄉鎮市民代表]臺東縣東河鄉第2選舉區,10
[鄉鎮市民代表]臺東縣長濱鄉第2選舉區,7
[鄉鎮市民代表]臺東縣太麻里鄉第3選舉區,3
[鄉鎮市民代表]臺東縣太麻里鄉第4選舉區,5
[鄉鎮市民代表]臺東縣大武鄉第2選舉區,7
[縣(市)長]花蓮縣,3
[縣(市)議員]花蓮縣第1選舉區,17
[縣(市)議員]花蓮縣第2選舉區,4
[縣(市)議員]花蓮縣第3選舉區,14
[縣(市)議員]花蓮縣第4選舉區,6
[縣(市)議員]花蓮縣第5選舉區,7
[縣(市)議員]花蓮縣第6選舉區,7
[縣(市)議員]花蓮縣第7選舉區,5
[縣(市)議員]花蓮縣第8選舉區,3
[縣(市)議員]花蓮縣第9選舉區,4
[縣(市)議員]花蓮縣第10選舉區,2
[鄉鎮市長]花蓮縣花蓮市,3
[鄉鎮市長]花蓮縣鳳林鎮,2
[鄉鎮市長]花蓮縣玉里鎮,2
[鄉鎮市長]花蓮縣新城鄉,2
[鄉鎮市長]花蓮縣吉安鄉,4
[鄉鎮市長]花蓮縣壽豐鄉,3
[鄉鎮市長]花蓮縣光復鄉,3
[鄉鎮市長]花蓮縣豐濱鄉,2
[鄉鎮市長]花蓮縣瑞穗鄉,2
[鄉鎮市長]花蓮縣富里鄉,2
[鄉鎮市長]花蓮縣秀林鄉,3
[鄉鎮市長]花蓮縣萬榮鄉,2
[鄉鎮市長]花蓮縣卓溪鄉,2
[鄉鎮市民代表]花蓮縣花蓮市第1選舉區,9
[鄉鎮市民代表]花蓮縣花蓮市第2選舉區,1
[鄉鎮市民代表]花蓮縣花蓮市第3選舉區,7
[鄉鎮市民代表]花蓮縣花蓮市第4選舉區,11
[鄉鎮市民代表]花蓮縣花蓮市第5選舉區,4
[鄉鎮市民代表]花蓮縣鳳林鎮第1選舉區,7
[鄉鎮市民代表]花蓮縣鳳林鎮第2選舉區,4
[鄉鎮市民代表]花蓮縣鳳林鎮第3選舉區,1
[鄉鎮市民代表]花蓮縣鳳林鎮第4選舉區,3
[鄉鎮市民代表]花蓮縣玉里鎮第1選舉區,12
[鄉鎮市民代表]花蓮縣玉里鎮第2選舉區,2
[鄉鎮市民代表]花蓮縣玉里鎮第3選舉區,2
[鄉鎮市民代表]花蓮縣玉里鎮第4選舉區,3
[鄉鎮市民代表]花蓮縣新城鄉第1選舉區,2
[鄉鎮市民代表]花蓮縣新城鄉第2選舉區,8
[鄉鎮市民代表]花蓮縣新城鄉第3選舉區,4
[鄉鎮市民代表]花蓮縣新城鄉第4選舉區,4
[鄉鎮市民代表]花蓮縣吉安鄉第1選舉區,6
[鄉鎮市民代表]花蓮縣吉安鄉第2選舉區,6
[鄉鎮市民代表]花蓮縣吉安鄉第3選舉區,7
[鄉鎮市民代表]花蓮縣吉安鄉第4選舉區,4
[鄉鎮市民代表]花蓮縣壽豐鄉第1選舉區,6
[鄉鎮市民代表]花蓮縣壽豐鄉第2選舉區,3
[鄉鎮市民代表]花蓮縣壽豐鄉第3選舉區,2
[鄉鎮市民代表]花蓮縣壽豐鄉第4選舉區,7
[鄉鎮市民代表]花蓮縣光復鄉第1選舉區,6
[鄉鎮市民代表]花蓮縣光復鄉第2選舉區,3
[鄉鎮市民代表]花蓮縣光復鄉第3選舉區,5
[鄉鎮市民代表]花蓮縣光復鄉第4選舉區,4
[鄉鎮市民代表]花蓮縣豐濱鄉第1選舉區,2
[鄉鎮市民代表]花蓮縣豐濱鄉第2選舉區,9
[鄉鎮市民代表]花蓮縣瑞穗鄉第1選舉區,9
[鄉鎮市民代表]花蓮縣瑞穗鄉第2選舉區,4
[鄉鎮市民代表]花蓮縣瑞穗鄉第3選舉區,8
[鄉鎮市民代表]花蓮縣富里鄉第1選舉區,6
[鄉鎮市民代表]花蓮縣富里鄉第2選舉區,5
[鄉鎮市民代表]花蓮縣富里鄉第3選舉區,3
[鄉鎮市民代表]花蓮縣秀林鄉第1選舉區,13
[鄉鎮市民代表]花蓮縣秀林鄉第2選舉區,6
[鄉鎮市民代表]花蓮縣秀林鄉第3選舉區,9
[鄉鎮市民代表]花蓮縣萬榮鄉第1選舉區,4
[鄉鎮市民代表]花蓮縣萬榮鄉第2選舉區,5
[鄉鎮市民代表]花蓮縣萬榮鄉第3選舉區,6
[鄉鎮市民代表]花蓮縣卓溪鄉第1選舉區,4
[鄉鎮市民代表]花蓮縣卓溪鄉第2選舉區,8
[縣(市)長]澎湖縣,7
[縣(市)議員]澎湖縣第1選舉區,22
[縣(市)議員]澎湖縣第2選舉區,5
[縣(市)議員]澎湖縣第3選舉區,4
[縣(市)議員]澎湖縣第4選舉區,2
[縣(市)議員]澎湖縣第5選舉區,3
[縣(市)議員]澎湖縣第6選舉區,2
[鄉鎮市長]澎湖縣馬公市,3
[鄉鎮市長]澎湖縣湖西鄉,2
[鄉鎮市長]澎湖縣白沙鄉,3
[鄉鎮市長]澎湖縣西嶼鄉,1
[鄉鎮市長]澎湖縣望安鄉,2
[鄉鎮市長]澎湖縣七美鄉,1
[鄉鎮市民代表]澎湖縣馬公市第1選舉區,3
[鄉鎮市民代表]澎湖縣馬公市第2選舉區,7
[鄉鎮市民代表]澎湖縣馬公市第3選舉區,7
[鄉鎮市民代表]澎湖縣馬公市第4選舉區,4
[鄉鎮市民代表]澎湖縣湖西鄉第1選舉區,6
[鄉鎮市民代表]澎湖縣湖西鄉第2選舉區,5
[鄉鎮市民代表]澎湖縣湖西鄉第3選舉區,10
[鄉鎮市民代表]澎湖縣白沙鄉第1選舉區,3
[鄉鎮市民代表]澎湖縣白沙鄉第2選舉區,4
[鄉鎮市民代表]澎湖縣白沙鄉第3選舉區,2
[鄉鎮市民代表]澎湖縣白沙鄉第4選舉區,3
[鄉鎮市民代表]澎湖縣西嶼鄉第1選舉區,2
[鄉鎮市民代表]澎湖縣西嶼鄉第2選舉區,5
[鄉鎮市民代表]澎湖縣西嶼鄉第3選舉區,5
[鄉鎮市民代表]澎湖縣望安鄉第1選舉區,5
[鄉鎮市民代表]澎湖縣望安鄉第2選舉區,4
[鄉鎮市民代表]澎湖縣望安鄉第3選舉區,4
[鄉鎮市民代表]澎湖縣七美鄉第1選舉區,3
[鄉鎮市民代表]澎湖縣七美鄉第2選舉區,3
[鄉鎮市民代表]澎湖縣七美鄉第3選舉區,4
[縣(市)長]基隆市,2
[縣(市)議員]基隆市第1選舉區,7
[縣(市)議員]基隆市第2選舉區,7
[縣(市)議員]基隆市第3選舉區,9
[縣(市)議員]基隆市第4選舉區,7
[縣(市)議員]基隆市第5選舉區,14
[縣(市)議員]基隆市第6選舉區,8
[縣(市)議員]基隆市第7選舉區,6
[縣(市)議員]基隆市第8選舉區,2
[縣(市)長]新竹市,6
[縣(市)議員]新竹市第1選舉區,22
[縣(市)議員]新竹市第2選舉區,9
[縣(市)議員]新竹市第3選舉區,6
[縣(市)議員]新竹市第4選舉區,18
[縣(市)議員]新竹市第5選舉區,14
[縣(市)議員]新竹市第6選舉區,3
[縣(市)長]嘉義市,4
[縣(市)議員]嘉義市第1選舉區,21
[縣(市)議員]嘉義市第2選舉區,22
[直轄市長]臺北市,10
[直轄市議員]臺北市第1選舉區,46
[直轄市議員]臺北市第2選舉區,30
[直轄市議員]臺北市第3選舉區,43
[直轄市議員]臺北市第4選舉區,36
[直轄市議員]臺北市第5選舉區,38
[直轄市議員]臺北市第6選舉區,50
[直轄市議員]臺北市第8選舉區,4
[直轄市議員]臺北市第7選舉區,2
[直轄市長]高雄市,4
[直轄市議員]高雄市第1選舉區,6
[直轄市議員]高雄市第2選舉區,6
[直轄市議員]高雄市第3選舉區,7
[直轄市議員]高雄市第4選舉區,18
[直轄市議員]高雄市第5選舉區,10
[直轄市議員]高雄市第6選舉區,11
[直轄市議員]高雄市第7選舉區,12
[直轄市議員]高雄市第8選舉區,9
[直轄市議員]高雄市第9選舉區,16
[直轄市議員]高雄市第10選舉區,17
[直轄市議員]高雄市第11選舉區,9
[直轄市議員]高雄市第13選舉區,4
[直轄市議員]高雄市第14選舉區,2
[直轄市議員]高雄市第15選舉區,2
[直轄市議員]高雄市第12選舉區,3
[直轄市山地原住民區長]高雄市茂林區,2
[直轄市山地原住民區長]高雄市桃源區,2
[直轄市山地原住民區長]高雄市那瑪夏區,5
[直轄市山地原住民區代表]高雄市茂林區第1選舉區,12
[直轄市山地原住民區代表]高雄市茂林區第2選舉區,12
[直轄市山地原住民區代表]高雄市桃源區第1選舉區,24
[直轄市山地原住民區代表]高雄市桃源區第2選舉區,12
[直轄市山地原住民區代表]高雄市那瑪夏區第1選舉區,14
[直轄市山地原住民區代表]高雄市那瑪夏區第2選舉區,10
[直轄市長]新北市,2
[直轄市議員]新北市第1選舉區,7
[直轄市議員]新北市第2選舉區,24
[直轄市議員]新北市第3選舉區,15
[直轄市議員]新北市第4選舉區,18
[直轄市議員]新北市第5選舉區,10
[直轄市議員]新北市第6選舉區,4
[直轄市議員]新北市第7選舉區,15
[直轄市議員]新北市第8選舉區,8
[直轄市議員]新北市第9選舉區,3
[直轄市議員]新北市第10選舉區,8
[直轄市議員]新北市第12選舉區,3
[直轄市議員]新北市第11選舉區,5
[直轄市山地原住民區長]新北市烏來區,4
[直轄市山地原住民區代表]新北市烏來區第1選舉區,10
[直轄市山地原住民區代表]新北市烏來區第2選舉區,10
[直轄市山地原住民區代表]新北市烏來區第3選舉區,2
[直轄市山地原住民區代表]新北市烏來區第4選舉區,4
[直轄市長]臺中市,3
[直轄市議員]臺中市第1選舉區,5
[直轄市議員]臺中市第2選舉區,9
[直轄市議員]臺中市第3選舉區,9
[直轄市議員]臺中市第4選舉區,9
[直轄市議員]臺中市第5選舉區,10
[直轄市議員]臺中市第6選舉區,8
[直轄市議員]臺中市第7選舉區,7
[直轄市議員]臺中市第8選舉區,16
[直轄市議員]臺中市第9選舉區,7
[直轄市議員]臺中市第10選舉區,7
[直轄市議員]臺中市第11選舉區,11
[直轄市議員]臺中市第12選舉區,7
[直轄市議員]臺中市第13選舉區,10
[直轄市議員]臺中市第14選舉區,4
[直轄市議員]臺中市第16選舉區,2
[直轄市議員]臺中市第17選舉區,5
[直轄市議員]臺中市第15選舉區,4
[直轄市山地原住民區長]臺中市和平區,3
[直轄市山地原住民區代表]臺中市和平區第1選舉區,14
[直轄市山地原住民區代表]臺中市和平區第2選舉區,12
[直轄市山地原住民區代表]臺中市和平區第3選舉區,10
[直轄市長]臺南市,6
[直轄市議員]臺南市第1選舉區,10
[直轄市議員]臺南市第2選舉區,10
[直轄市議員]臺南市第3選舉區,4
[直轄市議員]臺南市第4選舉區,4
[直轄市議員]臺南市第5選舉區,10
[直轄市議員]臺南市第6選舉區,10
[直轄市議員]臺南市第7選舉區,15
[直轄市議員]臺南市第8選舉區,11
[直轄市議員]臺南市第9選舉區,12
[直轄市議員]臺南市第10選舉區,11
[直轄市議員]臺南市第11選舉區,10
[直轄市議員]臺南市第13選舉區,2
[直轄市議員]臺南市第12選舉區,3
[直轄市長]桃園市,5
[直轄市議員]桃園市第1選舉區,22
[直轄市議員]桃園市第2選舉區,6
[直轄市議員]桃園市第3選舉區,10
[直轄市議員]桃園市第4選舉區,7
[直轄市議員]桃園市第5選舉區,3
[直轄市議員]桃園市第6選舉區,5
[直轄市議員]桃園市第7選舉區,21
[直轄市議員]桃園市第8選舉區,12
[直轄市議員]桃園市第9選舉區,10
[直轄市議員]桃園市第10選舉區,9
[直轄市議員]桃園市第11選舉區,3
[直轄市議員]桃園市第12選舉區,5
[直轄市議員]桃園市第14選舉區,8
[直轄市議員]桃園市第13選舉區,9
[直轄市山地原住民區長]桃園市復興區,3
[直轄市山地原住民區代表]桃園市復興區第1選舉區,18
[直轄市山地原住民區代表]桃園市復興區第2選舉區,14
[直轄市山地原住民區代表]桃園市復興區第3選舉區,18
